col1,col2,col3,col4,col5,col6,col7,color,bool,date
0.5306076928973198,0.8638271945528686,0.4297535016667098,0.21618324308656156,0.16430238424800336,0.6206478979438543,0.40898251230828464,blue,false,2015-12-31T20:40:06
0.5341186707373708,0.17449229210615158,0.3480245473328978,0.5179762681946158,0.11357692303135991,0.9212544034235179,0.9765206752344966,green,true,2015-08-29T16:51:10
0.4557309476658702,0.7004387434571981,0.28616086044348776,0.9768164013512433,0.880625746678561,0.44263476342894137,0.5780709378886968,blue,false,2015-05-04T19:01:26
0.08365946938283741,0.5076555542182177,0.028063308680430055,0.9747586844023317,0.7721320986747742,0.04876548028551042,0.24232906801626086,green,false,2015-08-10T16:57:55
0.8930140438023955,0.7943537426181138,0.6982918777503073,0.587970226071775,0.22310175700113177,0.9041418673004955,0.42970691761001945,yellow,true,2015-09-03T16:10:39
0.8569204448722303,0.8988582538440824,0.17322938214056194,0.5793555323034525,0.913243668852374,0.5312234109733254,0.9665682706981897,red,true,2015-10-25T14:46:51
0.6984453778713942,0.35844524833373725,0.39438202255405486,0.46150219067931175,0.7627480158116668,0.8487988379783928,0.47000257577747107,red,true,2015-04-21T04:26:12
0.40937998122535646,0.8715077296365052,0.9172910978086293,0.5173307035584003,0.4745941406581551,0.8116827672347426,0.14930564537644386,yellow,true,2015-06-01T01:24:38
0.0964187195058912,0.5528310495428741,0.5467815564479679,0.4856990643311292,0.03543040971271694,0.8153404705226421,0.21570687787607312,green,true,2015-08-27T17:19:45
0.2791694102343172,0.9256899303290993,0.9432659696321934,0.973391828360036,0.12592428526841104,0.6715853693895042,0.9293008272070438,red,true,2015-04-09T09:57:48
0.7963049386162311,0.8835073120426387,0.38989085890352726,0.4811345471534878,0.7325927682686597,0.03127015242353082,0.810995313571766,blue,true,2015-10-08T19:24:59
0.050231949193403125,0.6915589463897049,0.19466733746230602,0.21964748413302004,0.6197291838470846,0.8484718189574778,0.5844414120074362,blue,false,2015-11-03T15:12:58
0.1788435799535364,0.8057672118302435,0.49489252106286585,0.7952721561305225,0.2676678237039596,0.5623552547767758,0.2662583056371659,red,false,2015-08-27T16:55:00
0.11330453003756702,0.005753738572821021,0.7498914273455739,0.9163811136968434,0.11447192588821054,0.05636734189465642,0.30987390177324414,green,true,2015-11-15T15:09:24
0.4064179107081145,0.4794216388836503,0.8553727678954601,0.0014257889706641436,0.7179434918798506,0.8911356891039759,0.9263155199587345,yellow,false,2015-09-19T01:40:25
0.23531665559858084,0.13494633859954774,0.33718151366338134,0.002812666818499565,0.714102091267705,0.6310722092166543,0.4862788643222302,green,false,2015-11-07T18:21:48
0.10658575803972781,0.8659926392138004,0.4827340336050838,0.5788052487187088,0.9910501672420651,0.5067760583478957,0.1834164906758815,yellow,true,2015-07-23T10:11:16
0.9943898317869753,0.7348380533512682,0.5113538128789514,0.7164979139342904,0.8266287702135742,0.7481682398356497,0.8477755836211145,red,false,2016-02-28T03:44:39
0.6839848628733307,0.5007992056198418,0.4254268321674317,0.18971070577390492,0.8712988742627203,0.14279125607572496,0.784199251793325,blue,true,2015-12-04T22:25:46
0.8749202482867986,0.43173703528009355,0.9843106251209974,0.0026163943111896515,0.1780724385753274,0.8884412676561624,0.3573784416075796,red,false,2015-06-19T09:01:50
0.12865776126272976,0.9496727101504803,0.47476898576132953,0.9569026529788971,0.8373997434973717,0.9430117059964687,0.37529860879294574,yellow,false,2015-12-04T09:37:55
0.21866237535141408,0.857081624912098,0.8114541536197066,0.024625916499644518,0.019687782507389784,0.9751510675996542,0.8540641297586262,green,true,2016-03-06T13:04:44
0.6915746049489826,0.4560346796642989,0.18104677204973996,0.5232392083853483,0.01703676301985979,0.1733706146478653,0.1223012232221663,yellow,true,2015-10-25T10:05:03
0.3636332335881889,0.945269780466333,0.09967933548614383,0.33938514813780785,0.7473669573664665,0.407697229180485,0.5384028495755047,green,false,2015-11-06T14:29:36
0.47395636420696974,0.3088849768973887,0.6997395914513618,0.6935950610786676,0.8950017050374299,0.6271249754354358,0.315401196712628,yellow,false,2015-08-11T19:25:25
0.44364089774899185,0.7189117022790015,0.34510175278410316,0.8110990799032152,0.6248838745523244,0.7940493831411004,0.22537428908981383,red,true,2016-01-31T19:05:17
0.35068452917039394,0.46958082541823387,0.4246306549757719,0.8407024051994085,0.4967395307030529,0.09391520591452718,0.42848909622989595,green,false,2015-06-23T22:28:19
0.8831665294710547,0.24300436559133232,0.7365752628538758,0.839803128503263,0.28193960106000304,0.876814421499148,0.7131982443388551,yellow,false,2015-06-12T16:11:22
0.185517652425915,0.1399844924453646,0.18052894808351994,0.18551489431411028,0.090811213478446,0.45993528980761766,0.514233737019822,blue,false,2015-12-16T22:25:06
0.016291978070512414,0.7471257604192942,0.054511186899617314,0.8510000568348914,0.1669703267980367,0.7342531785834581,0.9668685735668987,green,true,2015-03-21T02:11:24
0.46555233420804143,0.7905973193701357,0.9709416883997619,0.962199367582798,0.33597660926170647,0.2899049995467067,0.4862961359322071,blue,false,2016-02-06T03:37:02
0.8057489518541843,0.15841127699241042,0.4161360643338412,0.687448691111058,0.9578002830967307,0.024585115956142545,0.2689917399547994,green,false,2015-05-15T07:22:12
0.5815335442312062,0.18983205617405474,0.0463958119507879,0.5079331628512591,0.038677711272612214,0.35237889364361763,0.026219604769721627,blue,false,2015-07-21T23:03:01
0.4528905497863889,0.48929153266362846,0.7994092940352857,0.8569433684460819,0.3232358449604362,0.5735047392081469,0.41315011074766517,red,true,2015-07-23T15:58:29
0.08673014934174716,0.8833194042090327,0.9964527320116758,0.9128259958233684,0.011505424976348877,0.4478455593343824,0.5317909815348685,red,false,2016-01-27T12:44:26
0.9956069574691355,0.6710790095385164,0.8146212513092905,0.25379681028425694,0.4528752339538187,0.21477047353982925,0.688046698924154,red,true,2016-02-10T20:34:32
0.3165083883795887,0.2710108091123402,0.8185941874980927,0.8802194923628122,0.1085320410784334,0.9575285720638931,0.11956537957303226,red,false,2015-12-20T03:31:29
0.31987674441188574,0.008201137417927384,0.8596670187544078,0.4200985219795257,0.13541048183105886,0.7102758232504129,0.6478338344022632,blue,true,2015-03-20T20:20:04
0.5238011756446213,0.1365948631428182,0.06029347563162446,0.08954272256232798,0.5908596855588257,0.32765913801267743,0.3183205258101225,red,true,2015-04-18T19:49:01
0.9389958046376705,0.9639883439522237,0.5845346872229129,0.2919379735831171,0.14510189811699092,0.4424348114989698,0.9711565123870969,red,false,2015-11-12T13:10:50
0.7878145668655634,0.7897248712833971,0.2404327872209251,0.38821743056178093,0.3165745809674263,0.4595997685100883,0.45501439832150936,blue,true,2016-01-01T18:38:56
0.28884705365635455,0.4253619695082307,0.030935684917494655,0.777088537812233,0.4081309293396771,0.35299519053660333,0.1325007462874055,yellow,false,2015-08-17T14:03:47
0.9778101956471801,0.8023751662112772,0.3294509968254715,0.6338587859645486,0.7266770475544035,0.36268139025196433,0.781219044001773,red,true,2015-11-05T20:20:47
0.817408645991236,0.5071937020402402,0.7013340850826353,0.42899258085526526,0.484459018567577,0.6842416736762971,0.13346532615832984,blue,true,2015-05-24T13:53:32
0.5807631949428469,0.289486956782639,0.953562023350969,0.6048081363551319,0.8150209931191057,0.45735841197893023,0.04692946374416351,red,true,2015-07-14T23:30:57
0.269498853944242,0.5695271838922054,0.696267131017521,0.07325098989531398,0.8388053877279162,0.28568981774151325,0.4862884965259582,blue,true,2015-03-20T08:21:13
0.18119194428436458,0.13938931142911315,0.44981583184562624,0.0569338861387223,0.512644164962694,0.983631149167195,0.7478248251136392,blue,false,2016-02-13T08:59:34
0.8394112118985504,0.2181791947223246,0.14524977724067867,0.10452302871271968,0.6749432624783367,0.4833146200980991,0.049429903738200665,yellow,false,2015-09-25T13:46:52
0.9275885473471135,0.1725618422497064,0.5509358153212816,0.3845711706671864,0.5805036388337612,0.6050846064463258,0.802031610859558,red,false,2016-02-04T21:06:07
0.6231378100346774,0.2996475142426789,0.1580638939049095,0.15556949679739773,0.16954618855379522,0.1750852894037962,0.04602638282813132,red,true,2015-06-23T05:30:47
0.7944404315203428,0.26296842307783663,0.8264087028801441,0.7717719429638237,0.5427270408254117,0.3650861254427582,0.13015482295304537,red,false,2015-04-09T15:08:04
0.1638644931372255,0.7299214864615351,0.8674691973719746,0.09974620933644474,0.5560027409810573,0.7374287967104465,0.22923973738215864,green,true,2016-01-20T04:39:08
0.5457825912162662,0.4516871361993253,0.8016655130777508,0.5293713160790503,0.5780603757593781,0.5575878967065364,0.30913356714881957,red,true,2015-04-27T04:53:09
0.9651102975476533,0.8186505492776632,0.8965258761309087,0.10434764972887933,0.511460654437542,0.6407990315929055,0.8513473207131028,green,false,2015-05-14T13:09:39
0.18795692245475948,0.23671469232067466,0.3350921147502959,0.3399233806412667,0.4411919014528394,0.5684142312966287,0.6256480193696916,blue,true,2015-05-25T21:31:52
0.4707378151360899,0.28042559674941003,0.5731872005853802,0.6927160841878504,0.041016751434654,0.5303479295689613,0.18255269434303045,blue,false,2016-02-07T10:05:36
0.07099278992973268,0.12330579804256558,0.32226899918168783,0.14253159589134157,0.09373903321102262,0.23598584323190153,0.2067730298731476,green,true,2015-10-10T19:35:12
0.8898278158158064,0.35222455370239913,0.2341093965806067,0.36984358564950526,0.9158203299157321,0.002571558579802513,0.36827088333666325,green,false,2015-12-31T06:03:28
0.6125091854482889,0.6738409847021103,0.6083836473990232,0.2871488621458411,0.7996389197651297,0.996849287301302,0.07720876159146428,yellow,true,2015-04-11T03:47:25
0.7088856769260019,0.5834307831246406,0.3790160173084587,0.4128421552013606,0.2887021794449538,0.8076706668362021,0.811443601269275,red,true,2015-11-14T13:57:10
0.2750840161461383,0.27269762428477407,0.24190161935985088,0.8634443387854844,0.5412056411150843,0.9474889363627881,0.1091266197618097,blue,true,2015-09-30T19:42:35
0.6170903826132417,0.2775778020732105,0.23554468317888677,0.24459777353331447,0.47997010149993,0.7494176996406168,0.38069281727075577,blue,false,2015-12-04T23:30:11
0.6880302969366312,0.561343653826043,0.017916102893650532,0.03741117939352989,0.5205005223397166,0.6285937963984907,0.7954507239628583,green,true,2016-01-02T01:28:08
0.2702465266920626,0.058784902561455965,0.8898318612482399,0.4288924871943891,0.6792855786625296,0.7742676571942866,0.552490659058094,green,false,2015-09-02T22:57:39
0.29476179042831063,0.05511875171214342,0.7999650023411959,0.8823969687800854,0.3762116143479943,0.8393654776737094,0.376382059417665,red,false,2015-08-15T07:57:33
0.3159065661020577,0.4361086431890726,0.7887996525969356,0.5679363645613194,0.020738133694976568,0.9012890595477074,0.996126253856346,red,true,2015-12-19T19:22:44
0.08284859638661146,0.8914178542327136,0.01318399771116674,0.7047120740171522,0.3344378285109997,0.5355219442863017,0.45881103980354965,yellow,false,2015-09-25T19:47:40
0.5503001715987921,0.9049782429356128,0.5135442167520523,0.20805749902501702,0.6537128009367734,0.6879311976954341,0.7799254616256803,green,false,2015-08-06T20:55:16
0.3535818352829665,0.703807357000187,0.024297212017700076,0.07507901638746262,0.8054095192346722,0.03550919168628752,0.24448822368867695,green,true,2015-08-30T00:11:43
0.3488410799764097,0.22847097017802298,0.7135630573611706,0.9265377714764327,0.22854273184202611,0.007350406376644969,0.5312142802868038,blue,true,2015-11-24T09:52:09
0.7130550644360483,0.7594941591378301,0.18074620328843594,0.10440656798891723,0.5869495512451977,0.8332819619681686,0.6974786731880158,red,false,2015-10-10T00:36:47
0.9391463617794216,0.6870146736036986,0.12332541542127728,0.6980831269174814,0.826851919060573,0.7666736145038158,0.6197265265509486,blue,false,2015-09-16T16:39:56
0.5628461937885731,0.2509642594959587,0.38398586749099195,0.009180265245959163,0.5191156116779894,0.6540530615020543,0.8260593977756798,green,false,2015-07-07T16:01:35
0.46162629150785506,0.003955267136916518,0.31325768725946546,0.6537180175073445,0.7856526733376086,0.8163570172619075,0.5453695110045373,red,false,2015-11-22T19:27:20
0.7821960737928748,0.5049253082834184,0.8025363306514919,0.22562804049812257,0.4604753653984517,0.2491621896624565,0.7671367444563657,red,false,2015-11-02T14:38:17
0.7572474544867873,0.6711561400443316,0.19340364914387465,0.448188308859244,0.7031642203219235,0.42667517997324467,0.7017253406811506,green,false,2015-11-04T05:26:53
0.8819229912478477,0.8237228989601135,0.349698175676167,0.6842303506564349,0.9244423261843622,0.46080614626407623,0.21885222173295915,yellow,false,2015-09-11T22:39:46
0.2024836961645633,0.15953544853255153,0.6775284660980105,0.09621626371517777,0.9175695101730525,0.5312388024758548,0.24287436390295625,green,false,2015-05-19T07:16:14
0.1983990811277181,0.5156206015963107,0.6357750177849084,0.2705597300082445,0.6873398351017386,0.9919376652687788,0.5277514667250216,yellow,false,2015-09-29T20:06:47
0.19234517007134855,0.3658786022569984,0.40856865397654474,0.2526174040976912,0.19162415876053274,0.3508101124316454,0.7313528771046549,blue,false,2015-04-19T23:53:16
0.16017179028131068,0.1440450365189463,0.3887921099085361,0.6756844639312476,0.8358670801389962,0.3196574456524104,0.05301204579882324,red,true,2015-04-09T21:30:35
0.03822936932556331,0.2780193770304322,0.19221156183630228,0.9497635965235531,0.10855992906726897,0.4581139131914824,0.6771478743758053,yellow,false,2015-05-12T11:52:20
0.6449956896249205,0.5242576871532947,0.37110946350730956,0.7271017159800977,0.028031402500346303,0.41612077527679503,0.4108528974466026,green,false,2015-07-05T16:57:38
0.34060519468039274,0.7419215377885848,0.22602218948304653,0.5624250296968967,0.5272125098854303,0.6521113079506904,0.8197806880343705,yellow,false,2015-08-31T03:32:35
0.053799166809767485,0.994667555205524,0.7367701474577188,0.34798918780870736,0.8817096238490194,0.9748157043941319,0.7979421732015908,green,false,2015-12-12T10:33:48
0.9959861943498254,0.5149398173671216,0.3718167955521494,0.4830412995070219,0.11711624544113874,0.7385474152397364,0.3982975154649466,red,false,2015-07-10T00:31:06
0.19750055857002735,0.3135749837383628,0.38123226328752935,0.36797351902350783,0.18581152148544788,0.43836247944273055,0.5607827210333198,red,false,2015-12-24T05:48:25
0.03494205558672547,0.002107990672811866,0.010006308788433671,0.4078752330970019,0.7401031032204628,0.43695014948025346,0.9681016383692622,blue,true,2015-12-29T08:46:43
0.8095073834992945,0.9349519631359726,0.9470047627110034,0.3793517891317606,0.46225012629292905,0.23929553548805416,0.8707631444558501,green,true,2015-11-30T14:10:18
0.4684260825160891,0.5956568641122431,0.8183090053498745,0.7423318752553314,0.6136294854804873,0.8771052127704024,0.9628757394384593,green,true,2015-12-03T02:36:56
0.06527944514527917,0.10796837974339724,0.7947609084658325,0.04800261044874787,0.49275613366626203,0.2769007959868759,0.027456711512058973,red,false,2015-03-17T20:11:32
0.011801966233178973,0.794542697025463,0.10114297107793391,0.7434399717021734,0.6029600058682263,0.5025704482104629,0.350977077614516,blue,false,2015-12-14T10:17:23
0.7662365685682744,0.7517190091311932,0.9894027966074646,0.8074332787655294,0.5335830426774919,0.5116542931646109,0.12905929028056562,red,false,2015-06-02T08:37:09
0.8658890672959387,0.599823996424675,0.9655372947454453,0.5186629549134523,0.49173557152971625,0.870448516914621,0.8193887050729245,yellow,false,2015-05-28T20:52:09
0.6365452313330024,0.16644859942607582,0.32131018163636327,0.8564846613444388,0.04139256337657571,0.3157446028199047,0.5079202970955521,red,false,2015-09-30T23:22:12
0.08095369627699256,0.7340746538247913,0.7449812933336943,0.39185447385534644,0.8985939209815115,0.4027007226832211,0.445139292627573,blue,true,2015-05-20T05:11:23
0.09135863371193409,0.32642495981417596,0.06845390843227506,0.35064272210001945,0.7055811656173319,0.0057192721869796515,0.12187768984586,green,false,2015-03-14T07:08:17
0.06959298718720675,0.8895487037952989,0.3078311576973647,0.6935158437117934,0.48038021102547646,0.12910587713122368,0.03518705256283283,green,true,2015-05-23T16:22:23
0.8678722553886473,0.37219368130899966,0.28609033953398466,0.7172683386597782,0.7267909445799887,0.4146090834401548,0.16027491772547364,red,false,2015-08-07T22:28:00
0.7615142359863967,0.5970403288956732,0.7625477719120681,0.24080108804628253,0.01791309891268611,0.9836144505534321,0.43976907641626894,red,true,2015-11-21T21:35:58
0.7629244928248227,0.03414549888111651,0.6443102310877293,0.16864998289383948,0.008924980415031314,0.9204600884113461,0.6416989704594016,red,false,2015-12-10T17:20:38
0.8481325306929648,0.46129559003748,0.03595880581997335,0.33451693831011653,0.9678432117216289,0.09135153098031878,0.20105663686990738,green,false,2015-04-13T14:08:21
0.6162952966988087,0.9279110904317349,0.9966092624235898,0.7450326373800635,0.3238196293823421,0.10029128659516573,0.37939015054143965,red,false,2015-09-01T07:19:38
0.8710864703170955,0.3114295294508338,0.5814154157415032,0.057530820136889815,0.2783718938007951,0.5595783542376012,0.1980975135229528,red,true,2015-12-13T09:38:15
0.5098144819494337,0.9630606966093183,0.8563338483218104,0.32923070527613163,0.6595225392375141,0.43728287029080093,0.9640942332334816,green,true,2015-08-24T10:01:09
0.5132294364739209,0.5351643927861005,0.008384797722101212,0.18589822459034622,0.9901298854965717,0.9261124162003398,0.5669939273502678,red,false,2015-04-13T19:05:33
0.425989507464692,0.3408073144964874,0.38853581552393734,0.052845482248812914,0.7990956783760339,0.20016103121452034,0.2909805094823241,red,true,2015-08-20T11:55:16
0.19441275973804295,0.6401090701110661,0.4182930348906666,0.5769331727642566,0.23722584918141365,0.5553219593130052,0.46381233585998416,green,false,2016-02-17T03:27:11
0.653383461991325,0.7640288178808987,0.9425507138948888,0.06724474881775677,0.5452609097119421,0.04684652853757143,0.6528590291272849,yellow,true,2015-08-09T05:27:03
0.9985080137848854,0.9690943080931902,0.6615882525220513,0.6851963270455599,0.34255430242046714,0.8918470861390233,0.7534906794317067,red,true,2016-01-28T07:23:22
0.6227584299631417,0.4618447090033442,0.9469085170421749,0.6328863585367799,0.18595896544866264,0.09045652206987143,0.06361129623837769,red,true,2015-09-27T02:30:49
0.33209329657256603,0.2675201988313347,0.8901047890540212,0.3352376716211438,0.9613353468012065,0.7545901115518063,0.7648796485736966,yellow,false,2015-03-23T13:57:23
0.4661971789319068,0.41236994741484523,0.7840921888127923,0.6881295978091657,0.3579132442828268,0.7968742896337062,0.1515489211305976,blue,false,2015-09-21T07:30:56
0.4139758301898837,0.7379420683719218,0.47532948292791843,0.07794307149015367,0.44496066332794726,0.518762034829706,0.2743285915348679,blue,false,2015-11-04T07:37:53
0.39607748691923916,0.028102974873036146,0.7006305099930614,0.7450213560368866,0.10483310790732503,0.2734904233366251,0.5354826669208705,blue,false,2015-10-11T20:19:58
0.9619142985902727,0.1930532508995384,0.13173420657403767,0.4136434162501246,0.7330383178777993,0.05984451505355537,0.00015499419532716274,red,false,2015-12-06T07:50:54
0.10924923047423363,0.8865901969838887,0.9806330215651542,0.6872476963326335,0.33025774685665965,0.1833315109834075,0.7216419060714543,green,true,2015-04-05T11:50:10
0.5248760278336704,0.5204777147155255,0.212471395265311,0.23291313368827105,0.8035712661221623,0.8930686831008643,0.7864322734531015,red,true,2015-08-14T01:42:07
0.7258236398920417,0.9711697353050113,0.07111839926801622,0.39820032054558396,0.2990037153940648,0.5413097906857729,0.821182428393513,green,false,2015-12-26T10:48:53
0.94131572637707,0.7982608533930033,0.14126826985739172,0.3212871940340847,0.43688302929513156,0.7524149995297194,0.5541271914262325,red,false,2015-05-21T12:41:02
0.2643359291832894,0.48381477664224803,0.04968188609927893,0.7731344460044056,0.1238633815664798,0.3852247763425112,0.3617747314274311,green,true,2015-07-18T23:26:15
0.8340781186707318,0.051064891275018454,0.6987135075032711,0.18989473092369735,0.17909737234003842,0.3727343715727329,0.03516124584712088,red,true,2015-06-12T14:43:38
0.19694808055646718,0.3612795094959438,0.4967606049031019,0.4778609673958272,0.7152300393208861,0.9827892330940813,0.5690130933653563,green,false,2015-12-08T01:28:00
0.31093546166084707,0.6743530412204564,0.8449693240690976,0.42596557387150824,0.913456019712612,0.3750367045868188,0.6639805040322244,red,false,2015-08-30T01:11:33
0.2878343763295561,0.1554147603455931,0.38530926359817386,0.8835930917412043,0.9275155388750136,0.848352569155395,0.43380118790082633,red,false,2015-08-28T21:07:45
0.04709843499585986,0.1860771814826876,0.23339310358278453,0.4624625751748681,0.08515300671570003,0.4337150794453919,0.6352768656797707,yellow,true,2015-08-16T12:16:19
0.04643094656057656,0.15907708066515625,0.41550683113746345,0.3390979776158929,0.5726635160390288,0.25174666941165924,0.48638014239259064,yellow,true,2015-06-19T02:21:46
0.852035041898489,0.816298917401582,0.4975581578910351,0.8402952342294157,0.15745109575800598,0.09333467273972929,0.9495172540191561,blue,false,2015-10-03T02:24:53
0.022631173487752676,0.04546772176399827,0.7830277876928449,0.5010186461731791,0.37307789525948465,0.2106680937577039,0.7286772602237761,green,false,2016-01-15T17:45:48
0.5522769531235099,0.5512772852089256,0.5415879364591092,0.8426744607277215,0.053265695460140705,0.3865570551715791,0.38060991605743766,red,false,2015-06-25T03:49:42
0.46042588469572365,0.3480010216590017,0.0807985884603113,0.9253951972350478,0.627098188502714,0.8423099706415087,0.47400795482099056,yellow,false,2015-11-19T13:51:12
0.4919110352639109,0.04181982669979334,0.021860628155991435,0.14951713453046978,0.04859398351982236,0.14793047937564552,0.44388771452941,red,false,2015-06-20T04:51:14
0.32770272297784686,0.10866867192089558,0.4191236987244338,0.5621034645009786,0.7341232940088958,0.6339220891240984,0.8696937940549105,yellow,true,2015-04-30T00:27:17
0.8989020655862987,0.9633485800586641,0.05302374926395714,0.01790084014646709,0.7600062834098935,0.4122204789891839,0.07937448867596686,yellow,true,2015-07-19T08:31:03
0.14953635493293405,0.38888777047395706,0.3966698623262346,0.7028831811621785,0.3572457297705114,0.7646096735261381,0.4186535158660263,red,false,2015-04-06T12:30:53
0.7308125386480242,0.9285691897384822,0.8581010345369577,0.1988041780423373,0.8218931294977665,0.35418272018432617,0.5334312890190631,blue,true,2015-06-18T05:09:08
0.5199214855674654,0.18977937195450068,0.100928352214396,0.8629943679552525,0.4208898893557489,0.4079667660407722,0.4006713933777064,red,false,2015-11-22T01:37:48
0.466037982609123,0.5464318396989256,0.16854312317445874,0.0905745776835829,0.19096868042834103,0.5450225418899208,0.7478086058981717,yellow,true,2015-12-27T17:47:23
0.1809934345073998,0.556335732806474,0.7435536715202034,0.6540025987196714,0.9249001250136644,0.7059690994210541,0.007216900587081909,red,false,2015-06-23T03:40:50
0.5533000989817083,0.002233966486528516,0.2847633792553097,0.7835658355616033,0.1959116579964757,0.6669116409029812,0.6599010969512165,yellow,true,2015-05-28T15:55:27
0.8135931533761322,0.7121671009808779,0.7424557215999812,0.8541346068959683,0.6862287754192948,0.9658550431486219,0.25109008024446666,blue,true,2016-02-21T09:37:53
0.33535780594684184,0.13445001770742238,0.38904587528668344,0.24684766470454633,0.033026882680132985,0.48764273757115006,0.0745421121828258,red,false,2015-12-09T03:51:32
0.003331635845825076,0.07636078330688179,0.9093829623889178,0.9260600130073726,0.616262701805681,0.35076639405451715,0.954051079461351,green,true,2016-01-05T10:38:46
0.17392770410515368,0.17108385544270277,0.8980698848608881,0.9536305249202996,0.838313577696681,0.41467998642474413,0.4289782086852938,yellow,true,2015-05-08T16:18:30
0.08734838129021227,0.014010963961482048,0.6148781455121934,0.37379949004389346,0.2412219641264528,0.6142095997929573,0.3312065717764199,yellow,false,2015-10-06T11:45:06
0.6097436463460326,0.8049669449683279,0.06668334756977856,0.43128713965415955,0.8523676651529968,0.8247272365260869,0.4648314828518778,blue,false,2015-04-04T07:09:01
0.5835728493984789,0.948723919922486,0.3707860391587019,0.8944963582325727,0.5282670115120709,0.6576922994572669,0.4437353522516787,green,true,2016-02-18T23:39:39
0.653971009189263,0.35460502398200333,0.15609107189811766,0.577560504199937,0.5480129343923181,0.6737273510079831,0.561658923048526,blue,false,2015-05-13T09:56:06
0.23095086822286248,0.4111949547659606,0.6042214774060994,0.24578995583578944,0.9716656811069697,0.017880894243717194,0.3937284683343023,blue,true,2015-03-12T07:53:19
0.3140843773726374,0.5741684923414141,0.37817682325839996,0.27891578432172537,0.34563086344860494,0.3534975203219801,0.19413307891227305,blue,false,2015-07-02T14:11:25
0.23323262366466224,0.5719902303535491,0.11751891789026558,0.9848128738813102,0.06377525418065488,0.0023951211478561163,0.17636350193060935,red,true,2015-07-11T12:18:50
0.5075685328338295,0.4658434947486967,0.029990493319928646,0.7310356390662491,0.9484935058280826,0.2158366171643138,0.910569388885051,yellow,false,2015-10-18T17:00:54
0.012728040106594563,0.4834406138397753,0.3088980682659894,0.9430753951892257,0.536700545810163,0.7070180813316256,0.9178079073317349,red,false,2015-04-26T20:32:36
0.14363963226787746,0.0851137600839138,0.7269912285264581,0.02353775454685092,0.3944380022585392,0.46982804453000426,0.8729128753766418,yellow,true,2015-07-02T12:59:36
0.6899758030194789,0.6526519297622144,0.5623972702305764,0.02557383175007999,0.11152649926953018,0.9546367961447686,0.9859132766723633,red,true,2015-04-30T15:05:07
0.7993520309682935,0.8219319696072489,0.06963463895954192,0.6365045038983226,0.4222073839046061,0.14318661857396364,0.9168305948842317,yellow,true,2016-02-27T13:38:29
0.6977178151719272,0.23061291966587305,0.3257801323197782,0.44872577395290136,0.4030315389391035,0.40831418777816,0.6546461535617709,green,false,2015-06-01T23:15:24
0.13920220267027617,0.06792665971443057,0.8420230061747134,0.29930434143170714,0.9593945774249732,0.7705871933139861,0.18904736451804638,red,true,2015-10-12T16:53:28
0.6569311979692429,0.7214112267829478,0.41963110538199544,0.7063374200370163,0.6429398201871663,0.455585862044245,0.08613507077097893,red,false,2016-01-21T16:51:59
0.888659741031006,0.2970506022684276,0.3238413508515805,0.49288673186674714,0.6224949611350894,0.7196341142989695,0.3935370596591383,yellow,false,2015-12-04T16:55:00
0.22459807293489575,0.876963782357052,0.4141927307937294,0.635900508845225,0.5467510593589395,0.9239311686251312,0.2409882249776274,yellow,true,2015-03-17T04:44:27
0.8078795438632369,0.5764677862171084,0.8502020125743002,0.7638125668745488,0.041906862519681454,0.5754129099659622,0.8284159861505032,red,true,2016-01-06T14:22:52
0.10063943569548428,0.663224654039368,0.19318439508788288,0.4912140993401408,0.46135089243762195,0.03822820680215955,0.2580320402048528,red,false,2015-11-22T18:16:07
0.22453699982725084,0.7855028009507805,0.11907011619769037,0.9678241601213813,0.7569631105288863,0.5471978336572647,0.9699902008287609,red,true,2015-07-30T23:46:21
0.2633258996065706,0.2730504348874092,0.6007237809244543,0.17183812707662582,0.4961702844593674,0.8337776849512011,0.6481622792780399,blue,true,2016-02-03T18:14:55
0.8844790691509843,0.9054339725989848,0.7214032027404755,0.2816614315379411,0.8577633670065552,0.10583593021146953,0.3589929505251348,yellow,true,2015-11-14T20:09:08
0.522302933037281,0.13261817302554846,0.35778268217109144,0.4431163191329688,0.27232871833257377,0.5821785673033446,0.8025713537354022,red,false,2015-05-16T05:15:06
0.5546227633021772,0.8627476270776242,0.9719059953931719,0.34874457493424416,0.4958606157451868,0.242570344125852,0.9267741257790476,green,false,2015-07-15T20:35:09
0.9099601830821484,0.33011826826259494,0.665391061687842,0.2540055902209133,0.22905382188037038,0.2106580852996558,0.5514959141146392,green,true,2015-03-18T17:10:54
0.8113166112452745,0.5451946959365159,0.875973048619926,0.551076962146908,0.9165769119281322,0.6362822570372373,0.4253066924866289,red,false,2016-01-17T09:58:08
0.8098546611145139,0.1794820069335401,0.31802566279657185,0.6413586558774114,0.9430315247736871,0.734038740163669,0.08802532777190208,yellow,true,2016-01-27T00:04:11
0.07776594930328429,0.24901135894469917,0.048245446756482124,0.8820251792203635,0.6697868520859629,0.5016844535712153,0.3782464978285134,green,false,2016-03-05T10:58:01
0.42914234031923115,0.1811203700490296,0.8570309395436198,0.9069987491238862,0.9476284168194979,0.6170267283450812,0.11249875836074352,green,true,2015-09-29T20:41:07
0.006868767319247127,0.8531153614167124,0.2918143749702722,0.9148962935432792,0.33658829098567367,0.3159193613100797,0.649798916419968,red,true,2015-07-07T03:38:21
0.9589195263106376,0.20564980944618583,0.2391408586408943,0.08339812839403749,0.8027186694089323,0.514219640288502,0.3881952043157071,red,true,2015-10-11T16:30:14
0.8344386916141957,0.5556083333212882,0.6145917368121445,0.22681925515644252,0.9365935558453202,0.53361158631742,0.028640966629609466,green,true,2015-04-18T14:47:45
0.28150799963623285,0.0828633401542902,0.15092607564292848,0.44482463342137635,0.06279681599698961,0.34958211216144264,0.5834647382143885,red,true,2015-04-19T03:17:47
0.5513442461378872,0.7332272501662374,0.4678988039959222,0.09517012536525726,0.04884252115152776,0.6380026729311794,0.4466306325048208,blue,false,2016-01-28T23:20:22
0.7961536049842834,0.15102248825132847,0.18858950911089778,0.6435614726506174,0.6616783237550408,0.31511162174865603,0.0893111084587872,yellow,false,2015-11-28T23:05:33
0.9097447993699461,0.4446545836981386,0.00455810222774744,0.17566906055435538,0.5582107109948993,0.5469628681894392,0.7541810956317931,yellow,true,2015-04-27T19:46:34
0.3333163410425186,0.3227990781888366,0.6918097985908389,0.7058995973784477,0.7394573404453695,0.7921228860504925,0.48911516834050417,blue,true,2015-03-23T15:52:39
0.5043862811289728,0.08379564597271383,0.9599280750844628,0.37474541109986603,0.29017202369868755,0.31149130198173225,0.6940082022920251,yellow,true,2015-07-13T13:43:44
0.8047847785055637,0.776260512182489,0.4896512490231544,0.2848196111153811,0.8117888811975718,0.057297149207443,0.07745389523915946,blue,false,2015-06-19T13:42:35
0.5075182733125985,0.5538657594006509,0.19581988430581987,0.02180032106116414,0.057031737407669425,0.28631247906014323,0.7229118987452239,green,true,2015-12-27T20:14:41
0.12144973571412265,0.859977226704359,0.022353475680574775,0.040758314775303006,0.8752862687688321,0.16963775060139596,0.8174500616732985,yellow,true,2015-03-27T11:38:45
0.6290675019845366,0.3378681461326778,0.38141355011612177,0.6416591356974095,0.3596211173571646,0.5970778150949627,0.4429392875172198,red,true,2015-06-24T07:13:30
0.8631317589897662,0.890464240219444,0.8267672143410891,0.2376833010930568,0.8087549770716578,0.365030414192006,0.13726911740377545,yellow,true,2016-02-27T16:23:33
0.04786348971538246,0.9760060268454254,0.26830993639305234,0.1325588459149003,0.29060941468924284,0.18883515568450093,0.08381984755396843,yellow,false,2015-05-19T03:40:32
0.5950242427643389,0.4238370161037892,0.5347938938066363,0.3466187007725239,0.16887430474162102,0.05376482638530433,0.3831788250245154,green,true,2015-10-20T05:00:28
0.9321995859500021,0.30779498093761504,0.0518498569726944,0.8599550251383334,0.6249212552793324,0.460890770656988,0.7527555758133531,blue,false,2016-02-13T02:31:33
0.14156956691294909,0.7585357229690999,0.8975528341252357,0.6237473983783275,0.28730522422119975,0.6238041736651212,0.32304888125509024,yellow,true,2015-05-15T20:26:09
0.6965775899589062,0.676253754645586,0.0998345713596791,0.15409233956597745,0.5360567576717585,0.1070329025387764,0.9358687673229724,green,false,2015-04-07T01:24:42
0.18428810499608517,0.9745808474253863,0.5824995331931859,0.6012603137642145,0.8516417369246483,0.7347026083152741,0.0648166739847511,blue,true,2015-06-07T02:24:37
0.5229106470942497,0.0864968579262495,0.6605502374004573,0.9752199391368777,0.09644990041851997,0.12620867229998112,0.7950859109405428,red,false,2015-04-05T09:14:45
0.8615498286671937,0.373028926551342,0.34694971702992916,0.1425315155647695,0.10052876523695886,0.6625912680756301,0.7758411928080022,red,true,2015-12-29T12:30:42
0.12447766354307532,0.46923209447413683,0.13789883721619844,0.5676961455028504,0.6805353171657771,0.30318468273617327,0.9319802392274141,yellow,true,2015-12-25T13:56:01
0.895167495124042,0.6200641710311174,0.8805322810076177,0.7625698121264577,0.6283001124393195,0.49728636676445603,0.9396545619238168,red,true,2015-08-11T14:26:19
0.7151922478806227,0.28598162555135787,0.7482624303083867,0.5560679528862238,0.9131413763388991,0.7021735315211117,0.568885174812749,red,false,2015-09-30T14:20:01
0.6896535088308156,0.8417276290711015,0.9680321163032204,0.49789576209150255,0.934590678429231,0.4304391979239881,0.5814802120439708,yellow,true,2015-09-24T00:51:12
0.9260092789772898,0.6992191781755537,0.3030961256008595,0.3208145454991609,0.9184201390016824,0.8619654597714543,0.869130531558767,red,true,2016-02-28T05:40:56